<?xml version="1.0" encoding="UTF-8"?>
<templates>
    <t t-name="FieldTimeDelta">
        <span t-att-class="'oe_form_field '+widget.widget_class" t-att-style="widget.attrs.style">
            <t t-if="widget.mode !== 'readonly'">
                <input type="text"
                       t-att-id="widget.id_for_label"
                       t-att-tabindex="widget.attrs.tabindex"
                       t-att-autofocus="widget.attrs.autofocus"
                       t-att-placeholder="widget.attrs.placeholder"
                       t-att-maxlength="widget.field.size"
                       class="timedelta"
                        />
            </t>
            <t t-if="widget.mode === 'readonly'">
                <div/>
                <span class="oe_form_char_content"></span>
            </t>
        </span>
    </t>

</templates>


<!--<templates>-->
    <!--<t t-name="FieldTimeDelta">-->
        <!--<span t-att-class="'oe_form_field '+widget.widget_class" t-att-style="widget.node.attrs.style">-->
            <!--&lt;!&ndash;<t t-if="!widget.get('effective_readonly')">&ndash;&gt;-->
                <!--&lt;!&ndash;<input type="text"&ndash;&gt;-->
                       <!--&lt;!&ndash;t-att-id="widget.id_for_label"&ndash;&gt;-->
                       <!--&lt;!&ndash;t-att-tabindex="widget.node.attrs.tabindex"&ndash;&gt;-->
                       <!--&lt;!&ndash;t-att-autofocus="widget.node.attrs.autofocus"&ndash;&gt;-->
                       <!--&lt;!&ndash;t-att-placeholder="widget.node.attrs.placeholder"&ndash;&gt;-->
                       <!--&lt;!&ndash;t-att-maxlength="widget.field.size"&ndash;&gt;-->
                       <!--&lt;!&ndash;class="timedelta"&ndash;&gt;-->
                        <!--&lt;!&ndash;/>&ndash;&gt;-->
            <!--&lt;!&ndash;</t>&ndash;&gt;-->
            <!--&lt;!&ndash;<t t-if="widget.get('effective_readonly')">&ndash;&gt;-->
                <!--&lt;!&ndash;<div/>&ndash;&gt;-->
                <!--&lt;!&ndash;<span class="oe_form_char_content"></span>&ndash;&gt;-->
            <!--&lt;!&ndash;</t>&ndash;&gt;-->
        <!--</span>-->
    <!--</t>-->

<!--</templates>-->

<!--<t t-name="FieldSelection">-->
    <!--<span t-if="widget.mode === 'readonly'"/>-->

    <!--<select t-if="widget.mode !== 'readonly'"-->
        <!--class="o_input"-->
        <!--t-att-name="widget.name"-->
        <!--t-att-tabindex="widget.attrs.tabindex"-->
        <!--t-att-autofocus="widget.attrs.autofocus"-->
        <!--t-att-id="widget.idForLabel"/>-->
<!--</t>-->

<!--<t t-name="web.datepicker">-->
    <!--<t t-set="placeholder" t-value="widget.getParent().node and widget.getParent().node.attrs.placeholder"/>-->
    <!--<div class="o_datepicker">-->
        <!--<input type="text"-->
            <!--class="o_datepicker_input o_input"-->
            <!--t-att-name="widget.name"-->
            <!--t-att-placeholder="placeholder"/>-->
        <!--<span class="o_datepicker_button"/>-->
    <!--</div>-->
<!--</t>-->
